Type , Origin
Small , non-EU
Midsize , non-EU
Compact , non-EU
Midsize , non-EU
Midsize , non-EU
Midsize , USA
Large , USA
Large , USA
Midsize , USA
Large , USA
Midsize , USA
Compact , USA
Compact , USA
Sporty , USA
Midsize , USA
Van , USA
Van , USA
Large , USA
Sporty , USA
Large , USA
Compact , USA
Large , USA
Small , USA
Small , USA
Compact , USA
Van , USA
Midsize , USA
Sporty , USA
Small , USA
Large , USA
Small , USA
Small , USA
Compact , USA
Sporty , USA
Sporty , USA
Van , USA
Midsize , USA
Large , USA
Small , non-EU
Sporty , non-EU
Sporty , non-EU
Small , non-EU
Compact , non-EU
Small , non-EU
Small , non-EU
Sporty , non-EU
Midsize , non-EU
Midsize , non-EU
Midsize , non-EU
Midsize , non-EU
Midsize , USA
Large , USA
Small , non-EU
Small , non-EU
Compact , non-EU
Van , non-EU
Sporty , non-EU
Compact , non-EU
Midsize , non-EU
Sporty , USA
Midsize , USA
Small , non-EU
Midsize , non-EU
Small , non-EU
Compact , non-EU
Van , non-EU
Midsize , non-EU
Compact , USA
Midsize , USA
Van , USA
Large , USA
Sporty , USA
Small , USA
Compact , USA
Sporty , USA
Midsize , USA
Large , USA
Compact , non-EU
Small , USA
Small , non-EU
Small , non-EU
Compact , non-EU
Small , non-EU
Small , non-EU
Sporty , non-EU
Midsize , non-EU
Van , non-EU
Small , non-EU
Van , non-EU
Compact , non-EU
Sporty , non-EU
Compact , non-EU
Midsize , non-EU
